CI/CD Pipeline Commit Activity Report,,,,
,,,,
S.No,Commit Hash,Author,Date,Commit Message
1,cc50c7c,Sanjay,03-03-2026,Backend test suite passed successfully
2,f2bfd4a,Sanjay,03-03-2026,Completed backend unit and integration testing
3,34a1aa2,Sanjay,03-03-2026,Integrated n8n-based risk analysis and automation engine
4,50b7576,Sanjay,03-03-2026,Integrated Google API services
5,0b738ff,Sanjay,03-03-2026,Flask backend integration completed
6,c1e7bcb,Sanjay,03-03-2026,Email automation workflow implemented
7,bab2a8a,Sanjay,03-03-2026,Video conferencing integrated using Jitsi
8,beb18e1,Sanjay,02-03-2026,AI chatbot module implemented
9,925d5fc,Sanjay,02-03-2026,Notification system and email automation integrated
10,f9cf988,Sanjay,02-03-2026,Resolved Vercel deployment issue
11,47b68e3,Sanjay,02-03-2026,Fixed production deployment configuration in Vercel
12,521c0fa,Sanjay,02-03-2026,Optimized Vercel build settings
13,68afb4c,Sanjay,02-03-2026,Fixed notification workflow using n8n
14,f81c37d,Sanjay,02-03-2026,Implemented OTP basic validation testing
15,83f1690,Sanjay,02-03-2026,Notification module implementation completed
16,dccf6f1,Sanjay,02-03-2026,OTP verification logic enhancement
17,180594b,Sanjay,01-03-2026,User verification module implemented
18,942b9cd,Sanjay,01-03-2026,Enhanced user verification workflow
19,7763f4e,Sanjay,01-03-2026,CAPTCHA and OTP automation integrated
20,18afdb0,Sanjay,01-03-2026,Completed email automation with OTP validation
21,b9825a0,Sanjay,28-02-2026,Email automation module completed
22,7f028f7,Sanjay,28-02-2026,Customer-Agent chat module implemented
23,9d7c54c,Sanjay,28-02-2026,Enhanced real-time chat functionality
24,c5bb828,Sanjay,28-02-2026,n8n email automation workflow configured
25,cbbdc81,Sanjay,27-02-2026,n8n integrated for OTP verification process
26,5b0cd87,Sanjay,27-02-2026,Backend APIs development completed
27,3503b17,Sanjay,27-02-2026,Admin portal UI and functionality completed
28,52c1c15,Sanjay,27-02-2026,Admin dashboard enhancements implemented
29,f1532c4,Sanjay,27-02-2026,Admin role management finalized
30,a061249,Sanjay,26-02-2026,Frontend base structure implemented
31,c88f83f,Sanjay,26-02-2026,Initial layout adjustments and configuration
32,89fc3e5,Sanjay,25-02-2026,UML diagrams added
33,f2fe3d9,Sanjay,25-02-2026,Project documentation PDF added
34,23d3106,Sanjay,25-02-2026,Final project abstract uploaded
35,d580b7e,Sanjay,24-02-2026,Core project structure initialized
36,0a786cc,Sanjay,24-02-2026,System architecture diagrams added
37,8b4538f,Sanjay,24-02-2026,Initial project commit
,,,,
Total Commits: 37,Generated for CI/CD Proof of Work,,,
